date,match,actual,pred,lower,upper,uncert,diff,skipped,status
2026-01-12,MIL vs DEN,212,213.242107791316,192.8298961532689,232.87670684880058,40.04681069553169,1.2421077913159877,True,⚠️ SKIP
2026-01-12,MIA vs OKC,236,227.89669276560588,210.38088957741914,249.26720424372147,38.886314666302326,8.103307234394123,False,✅ IN RANGE
2026-01-12,SAC vs HOU,209,219.5652363555402,202.3535136481188,240.9637575875383,38.61024393941952,10.565236355540208,False,✅ IN RANGE
2026-01-12,WAS vs PHX,205,226.00678443268328,207.6030783726736,247.14996297531448,39.54688460264089,21.006784432683276,False,❌ MISS
2026-01-12,ATL vs GSW,235,223.64225608985717,201.0659027758446,244.27858055622713,43.212677780382535,11.35774391014283,True,⚠️ SKIP
2026-01-12,MIN vs SAS,207,224.68416905450368,207.38491153641667,244.70094863214467,37.31603709572801,17.684169054503684,False,❌ MISS
2026-01-12,OKC vs MIA,236,226.71272240940982,211.94677631019954,243.6305451900369,31.683768879837373,9.287277590590179,False,✅ IN RANGE
2026-01-12,DEN vs MIL,212,207.83164059672927,194.95064319271137,224.34807417423005,29.39743098151868,4.168359403270728,False,✅ IN RANGE
2026-01-12,PHX vs WAS,205,220.85253172817957,206.88132628260345,233.1202007297987,26.238874447195258,15.85253172817957,False,❌ MISS
2026-01-12,GSW vs ATL,235,231.22258261319809,204.89630042216362,236.58588374329722,31.689583321133597,3.7774173868019147,False,✅ IN RANGE
2026-01-12,SAS vs MIN,207,217.5194285048716,206.85125282922144,232.70319870186353,25.85194587264209,10.519428504871598,False,✅ IN RANGE
2026-01-12,HOU vs SAC,209,215.7048991468927,208.46579878495982,232.17290010306186,23.707101318102048,6.7048991468927,False,✅ IN RANGE
2026-01-13,LAC vs CHA,226,226.01838665988254,203.2837284485153,241.05617854794454,37.77245009942925,0.018386659882537515,False,✅ IN RANGE
2026-01-13,SAC vs LAL,236,223.5928881168056,201.43918193897946,239.12276979559434,37.68358785661488,12.407111883194403,False,✅ IN RANGE
2026-01-13,TOR vs PHI,217,220.08490535514065,204.39449877010532,249.21196221239012,44.817463442284804,3.0849053551406485,True,⚠️ SKIP
2026-01-13,DAL vs BKN,218,220.52512391333357,203.4699975313038,244.73468742950578,41.26468989820199,2.525123913333573,True,⚠️ SKIP
2026-01-13,IND vs BOS,194,221.0246052827679,197.11763901155445,241.94116287879808,44.82352386724364,27.024605282767908,True,⚠️ SKIP
2026-01-13,CLE vs UTA,235,235.1840720784515,217.0814539123759,258.76918684861795,41.68773293624204,0.18407207845149287,True,⚠️ SKIP
2026-01-13,BOS vs IND,194,203.35461475407166,193.15481238284806,222.86962211919635,29.714809736348286,9.354614754071662,False,✅ IN RANGE
2026-01-13,UTA vs CLE,235,243.45996042867256,221.3836637180553,255.19310109882716,33.80943738077187,8.45996042867256,False,✅ IN RANGE
2026-01-13,PHI vs TOR,217,218.86269957316915,203.8188704743456,236.29834242480237,32.47947195045677,1.8626995731691522,False,✅ IN RANGE
2026-01-13,BKN vs DAL,218,215.5259466414186,206.05773418211186,228.17156124605106,22.113827063939198,2.4740533585813864,False,✅ IN RANGE
2026-01-13,LAL vs SAC,236,226.73838548164073,207.0293010826721,235.9370060118136,28.907704929141488,9.261614518359266,False,❌ MISS
2026-01-13,CHA vs LAC,226,225.7780725185605,197.37959518200736,234.02302731574176,36.64343213373439,0.2219274814395078,False,✅ IN RANGE
2026-01-14,HOU vs CHI,232,227.38115634547555,200.40603057165072,237.25412031102695,36.848089739376235,4.618843654524454,False,✅ IN RANGE
2026-01-14,NOP vs DEN,238,230.90821332176628,203.84331447629822,241.91421873681404,38.07090426051582,7.091786678233717,False,✅ IN RANGE
2026-01-14,MIL vs MIN,245,228.1914801493763,202.8284555217512,247.43904336304294,44.61058784129173,16.808519850623696,True,⚠️ SKIP
2026-01-14,OKC vs SAS,217,217.27128342058387,197.9344873755481,235.9677799439049,38.03329256835681,0.27128342058387034,False,✅ IN RANGE
2026-01-14,LAL vs ATL,257,220.42925979567818,195.3269626026473,247.32225495714087,51.99529235449356,36.57074020432182,True,⚠️ SKIP
2026-01-14,GSW vs POR,216,219.90826960475025,206.22350533468077,250.13143868201044,43.907933347329674,3.908269604750245,True,⚠️ SKIP
2026-01-14,MIA vs PHX,248,223.3526456960223,201.34791268638708,243.97912659969487,42.63121391330779,24.647354303977693,True,⚠️ SKIP
2026-01-14,CHI vs HOU,232,227.4460426270439,204.95543106490322,238.5470515096025,33.59162044469929,4.553957372956091,False,✅ IN RANGE
2026-01-14,PHX vs MIA,248,235.3878098597144,211.18595474598646,246.74364477327566,35.5576900272892,12.612190140285605,False,❌ MISS
2026-01-14,MIN vs MIL,245,231.0024043468486,212.34341854859989,245.00670585016914,32.663287301569255,13.997595653151393,False,✅ IN RANGE
2026-01-14,DEN vs NOP,238,237.4302017407886,208.05697270965234,245.84360822018186,37.78663551052952,0.5697982592114101,False,✅ IN RANGE
2026-01-14,SAS vs OKC,217,217.1408717763717,203.88307500186713,228.9883069619692,25.10523196010206,0.14087177637171067,False,✅ IN RANGE
2026-01-14,ATL vs LAL,257,236.48760961710818,211.5361581059237,256.22377834756355,44.68762024163985,20.512390382891823,True,⚠️ SKIP
2026-01-14,POR vs GSW,216,219.30393026580526,207.94140669100895,237.2594456223526,29.318038931343636,3.3039302658052634,False,✅ IN RANGE
2026-01-15,MEM vs ORL,229,223.85905048926514,203.50238230694896,238.40388492236218,34.90150261541322,5.140949510734856,False,✅ IN RANGE
2026-01-15,WAS vs LAC,224,220.4751923923775,202.44413021584373,237.89468433303315,35.45055411718943,3.524807607622506,False,✅ IN RANGE
2026-01-15,NYK vs SAC,213,225.73772535174612,205.55779209302037,247.05099009802552,41.493198005005155,12.737725351746121,True,⚠️ SKIP
2026-01-15,DEN vs DAL,227,227.01193316075123,207.78154432374336,247.07207785707044,39.29053353332708,0.011933160751226524,False,✅ IN RANGE
2026-01-15,BKN vs NOP,229,223.46339759337113,206.22755623701323,243.32031880523547,37.09276256822224,5.536602406628873,False,✅ IN RANGE
2026-01-15,UTA vs CHI,254,238.17225790464337,213.3501431772675,254.41112609767174,41.06098292040423,15.827742095356626,True,⚠️ SKIP
2026-01-15,CLE vs PHI,240,233.81671619232034,209.58315451248552,251.60710159626944,42.02394708378392,6.183283807679658,True,⚠️ SKIP
2026-01-15,TOR vs IND,216,225.70194859170067,201.25763383632517,245.77754727329713,44.51991343697196,9.70194859170067,True,⚠️ SKIP
2026-01-15,ORL vs MEM,229,228.25005959209847,209.48868128105534,235.7903959565404,26.301714675485073,0.7499404079015335,False,✅ IN RANGE
2026-01-15,IND vs TOR,216,210.33896244143426,200.82918436066785,225.5313488236613,24.702164462993437,5.661037558565738,False,✅ IN RANGE
2026-01-15,DAL vs DEN,227,230.82322897166495,207.84687465160331,245.63592770138052,37.78905304977721,3.823228971664946,False,✅ IN RANGE
2026-01-15,NOP vs BKN,229,227.17670894697994,208.34086976251794,235.09624753341998,26.755377770902044,1.823291053020057,False,✅ IN RANGE
2026-01-15,SAC vs NYK,213,221.29339979761625,208.66504156295824,241.59486844695874,32.929826884000505,8.293399797616246,False,✅ IN RANGE
2026-01-15,LAC vs WAS,224,221.16295687609514,202.4981355374798,229.96733961068222,27.469204073202405,2.837043123904863,False,✅ IN RANGE
2026-01-15,PHI vs CLE,240,237.3415834408414,215.5176159000805,251.94337959984486,36.42576369976436,2.65841655915861,False,✅ IN RANGE
2026-01-15,CHI vs UTA,254,254.38195065340244,221.18822166206556,265.43320156156034,44.24497989949478,0.3819506534024413,True,⚠️ SKIP
2026-01-16,SAS vs MIL,220,219.82161387378895,200.42931546402198,236.83472699581165,36.40541153178967,0.178386126211052,False,✅ IN RANGE
2026-01-16,HOU vs OKC,202,227.01085719343627,202.56489841706417,247.15396589733282,44.58906748026865,25.010857193436266,True,⚠️ SKIP
2026-01-16,MIA vs BOS,233,229.5207409465823,206.87341393959878,240.30556595774718,33.4321520181484,3.4792590534177066,False,✅ IN RANGE
2026-01-16,DET vs PHX,213,212.9038670757067,195.6544106328501,231.7886154252097,36.13420479235961,0.09613292429330045,False,✅ IN RANGE
2026-01-16,DAL vs UTA,266,244.8976828944798,217.8039057615316,262.50939415404775,44.705488392516145,21.1023171055202,True,⚠️ SKIP
2026-01-16,GSW vs NYK,239,229.2437441662867,207.03141682631812,247.65677308039204,40.62535625407392,9.756255833713311,True,⚠️ SKIP
2026-01-16,LAL vs CHA,252,236.75432286889716,209.5213147657919,253.81042820852625,44.28911344273433,15.245677131102838,True,⚠️ SKIP
2026-01-16,POR vs ATL,218,225.61943758521332,204.98769547394826,248.11127428658725,43.12357881263898,7.619437585213319,True,⚠️ SKIP
2026-01-16,CHA vs LAL,252,244.04901918592145,217.28547814223856,255.95274777064563,38.66726962840707,7.950980814078548,False,✅ IN RANGE
2026-01-16,ATL vs POR,218,221.47308130046338,211.18311124433407,239.44253568750244,28.25942444316837,3.4730813004633774,False,✅ IN RANGE
2026-01-16,NYK vs GSW,239,228.09491414320817,208.02390276067726,242.22251305870353,34.19861029802627,10.905085856791828,False,✅ IN RANGE
2026-01-16,UTA vs DAL,266,259.3485463720182,224.2797132555949,267.95817153946047,43.67845828386555,6.651453627981823,True,⚠️ SKIP
2026-01-16,MIL vs SAS,220,216.772823515135,203.95361482829594,228.6159006187741,24.662285790478165,3.227176484864998,False,✅ IN RANGE
2026-01-16,OKC vs HOU,202,216.62793590508326,205.4001664501495,233.0569577685073,27.65679131835779,14.627935905083262,False,❌ MISS
2026-01-16,BOS vs MIA,233,229.863416225864,207.74454961643596,237.63888107413018,29.89433145769422,3.1365837741359996,False,✅ IN RANGE
2026-01-16,PHX vs DET,213,202.93004606256278,197.02057858698984,226.51687896129636,29.496300374306514,10.06995393743722,False,✅ IN RANGE
2026-01-17,BKN vs CHI,221,227.00191745332802,205.57060197692277,248.08235590324787,42.5117539263251,6.001917453328019,True,⚠️ SKIP
2026-01-17,TOR vs LAC,238,223.52133508197994,203.34298192395056,241.5089255848237,38.165943660873126,14.478664918020058,False,✅ IN RANGE
2026-01-17,DAL vs UTA,258,258.0066009065008,220.9832621493799,271.1647218162088,50.181459666828886,0.0066009065008074685,True,⚠️ SKIP
2026-01-17,PHI vs CLE,232,231.77352159140432,206.1843507032403,255.84518272202314,49.66083201878283,0.2264784085956819,True,⚠️ SKIP
2026-01-17,IND vs NOP,246,229.4621837217642,204.46591585355452,246.20713220638473,41.74121635283021,16.537816278235795,True,⚠️ SKIP
2026-01-17,HOU vs MIN,215,221.6959730348606,204.36317973061117,249.3596729827542,44.99649325214304,6.6959730348606,True,⚠️ SKIP
2026-01-17,SAC vs WAS,243,227.66602124611506,209.10320728169742,246.69513581507894,37.59192853338152,15.333978753884935,False,✅ IN RANGE
2026-01-17,NOP vs IND,246,225.56312290769083,207.17592635990016,243.86990206151248,36.69397570161232,20.436877092309174,False,❌ MISS
2026-01-17,CLE vs PHI,232,227.64065117154846,212.22712867281507,247.65938233170894,35.43225365889387,4.3593488284515445,False,✅ IN RANGE
2026-01-17,CHI vs BKN,221,235.98810632659556,216.46140744651237,246.8646889267099,30.403281480197535,14.988106326595556,False,✅ IN RANGE
2026-01-17,LAC vs TOR,238,231.19978942138565,209.241354739959,241.49817311995974,32.25681838000074,6.8002105786143545,False,✅ IN RANGE
2026-01-17,MIN vs HOU,215,215.4027780238729,204.3027855140321,235.51788623686,31.215100722827884,0.40277802387291217,False,✅ IN RANGE
2026-01-17,WAS vs SAC,243,229.54882300813867,214.22843659142802,242.92914874770184,28.700712156273823,13.451176991861331,False,❌ MISS
2026-01-17,UTA vs DAL,258,262.572756956004,224.32190057500807,275.1375395180756,50.81563894306751,4.572756956004014,True,⚠️ SKIP
2026-01-18,NYK vs PHX,205,223.85174438579287,204.67610245630863,248.9279460386565,44.251843582347874,18.85174438579287,True,⚠️ SKIP
2026-01-18,CHA vs GSW,252,238.1390315795088,210.32687932195913,256.4032520729827,46.07637275102357,13.86096842049119,True,⚠️ SKIP
2026-01-18,WAS vs DEN,236,230.33698643646957,209.2295526589516,252.05716708412163,42.827614425170026,5.663013563530427,True,⚠️ SKIP
2026-01-18,ORL vs MEM,235,222.65876648939934,204.95970045063982,243.5826088749247,38.62290842428487,12.34123351060066,False,✅ IN RANGE
2026-01-18,MEM vs ORL,235,229.5588104583795,210.50518651157145,245.086659648272,34.58147313670054,5.441189541620503,False,✅ IN RANGE
2026-01-18,POR vs LAL,248,232.15680913118152,207.68483618016933,249.33963345214585,41.65479727197652,15.843190868818482,True,⚠️ SKIP
2026-01-18,DEN vs WAS,236,236.14697090080924,214.6306870301078,252.25424478088533,37.623557750777536,0.14697090080923658,False,✅ IN RANGE
2026-01-18,MIN vs SAS,249,221.54984305106535,205.29003614427154,240.09774322770406,34.80770708343252,27.450156948934648,False,❌ MISS
2026-01-18,LAL vs POR,248,240.5148569911397,216.92778639574007,255.66904185793857,38.741255462198495,7.485143008860291,False,✅ IN RANGE
2026-01-18,PHX vs NYK,205,211.88642588648227,203.71243284723897,229.16322087953327,25.450788032294298,6.886425886482272,False,✅ IN RANGE
2026-01-18,SAS vs MIN,249,241.7496215314643,214.61985101666923,249.65425326073668,35.03440224406745,7.2503784685357004,False,✅ IN RANGE
2026-01-18,GSW vs CHA,252,237.69788906076982,210.93868824236228,260.09948625898363,49.16079801662136,14.302110939230175,True,⚠️ SKIP
2026-01-18,ATL vs BOS,238,220.36267195602127,203.53813403327516,242.09348254320145,38.55534850992629,17.637328043978727,False,✅ IN RANGE
2026-01-18,DET vs IND,199,211.12149225031794,197.35769380648617,241.2354158281228,43.87772202163663,12.121492250317942,True,⚠️ SKIP
2026-01-18,OKC vs MIA,242,224.46981971968472,207.1529919401753,247.5950968911068,40.44210495093151,17.530180280315278,True,⚠️ SKIP
2026-01-18,MIA vs OKC,242,228.40560229780826,213.92406440752035,241.9904425005834,28.066378093063065,13.594397702191742,False,❌ MISS
2026-01-18,BOS vs ATL,238,230.94688117845857,209.73003304102474,240.8875568699471,31.157523828922365,7.053118821541432,False,✅ IN RANGE
2026-01-18,IND vs DET,199,203.2743488938626,192.97674563510108,231.00165249667407,38.02490686157299,4.274348893862594,False,✅ IN RANGE
2026-01-19,WAS vs LAC,216,225.50864560308713,207.6749951517248,248.73219360612626,41.05719845440146,9.508645603087132,True,⚠️ SKIP
2026-01-19,NYK vs DAL,211,227.71794388735466,208.3167682271257,252.58967115075546,44.27290292362977,16.717943887354664,True,⚠️ SKIP
2026-01-19,SAS vs UTA,233,237.7845659736274,217.78602068201263,258.9058257006082,41.11980501859557,4.784565973627394,True,⚠️ SKIP
2026-01-19,DEN vs CHA,197,226.08490450214794,202.47084980908147,253.87851194228838,51.40766213320691,29.084904502147936,True,⚠️ SKIP
2026-01-19,SAC vs POR,227,228.82510105334572,208.57660154579523,252.889422861533,44.31282131573778,1.825101053345719,True,⚠️ SKIP
2026-01-19,CLE vs OKC,240,231.18973393326777,209.93575547413957,253.27439959921284,43.33864412507327,8.810266066732225,True,⚠️ SKIP
2026-01-19,HOU vs NOP,229,227.25128532346852,203.95364233068352,247.16801684902424,43.21437451834072,1.7487146765314776,True,⚠️ SKIP
2026-01-19,CHI vs BKN,226,227.45240364939988,207.6592385246557,247.73329089310963,40.07405236845392,1.4524036493998835,True,⚠️ SKIP
2026-01-19,LAL vs TOR,203,232.28435490950704,210.06146214288373,255.50458935572502,45.44312721284129,29.284354909507044,True,⚠️ SKIP
2026-01-19,ATL vs MIL,222,222.92269432336334,204.42389540879287,248.05427886339373,43.63038345460086,0.9226943233633449,True,⚠️ SKIP
2026-01-19,CHA vs DEN,197,218.9109847448514,196.11099398546258,249.7773372508024,53.666343265339805,21.91098474485139,True,⚠️ SKIP
2026-01-19,NOP vs HOU,229,226.6259678074929,211.2108218975027,237.00385918811693,25.793037290614222,2.3740321925070873,False,✅ IN RANGE
2026-01-19,TOR vs LAL,203,213.83344199666908,206.04400176293777,241.72715023803113,35.68314847509336,10.83344199666908,False,❌ MISS
2026-01-19,POR vs SAC,227,234.670679563501,215.21148713427243,247.54417007876236,32.33268294448993,7.670679563501011,False,✅ IN RANGE
2026-01-19,MIL vs ATL,222,221.36066104565037,213.4857353679206,236.80145087143336,23.315715503512763,0.6393389543496255,False,✅ IN RANGE
2026-01-19,UTA vs SAS,233,237.6941402974351,222.5169140682919,256.82685685796764,34.309942789675745,4.694140297435098,False,✅ IN RANGE
2026-01-19,DAL vs NYK,211,234.2499143076971,208.34313598306736,246.50622033684374,38.163084353776384,23.24991430769711,False,✅ IN RANGE
2026-01-19,LAC vs WAS,216,230.06380389078785,213.6008150346228,248.23578612054507,34.634971085922274,14.063803890787852,False,✅ IN RANGE
2026-01-19,OKC vs CLE,240,236.5807839031549,212.12142884060998,242.94225918803096,30.82083034742098,3.419216096845105,False,✅ IN RANGE
2026-01-19,BKN vs CHI,226,225.45356405227946,213.8173276413202,238.58178960321453,24.76446196189434,0.5464359477205392,False,✅ IN RANGE
2026-01-20,DET vs BOS,207,215.42119177535835,199.57608798961346,245.12313819367327,45.547050204059815,8.421191775358352,True,⚠️ SKIP
2026-01-20,PHI vs IND,217,223.8070181531785,201.91894138332617,245.1492409674028,43.23029958407662,6.80701815317849,True,⚠️ SKIP
2026-01-20,BKN vs PHX,243,226.73431469706017,202.57213648674193,245.63008344930086,43.05794696255893,16.26568530293983,True,⚠️ SKIP
2026-01-20,GSW vs MIA,247,236.44635016715833,213.39116924362867,254.54144963390212,41.15028039027345,10.553649832841671,True,⚠️ SKIP
2026-01-20,PHX vs BKN,243,225.81676251092472,208.59070537292473,242.83034989274532,34.23964451982059,17.18323748907528,False,❌ MISS
2026-01-20,MIA vs GSW,247,247.87793217404874,223.0607891612895,259.2200890190251,36.15929985773562,0.8779321740487376,False,✅ IN RANGE
2026-01-20,BOS vs DET,207,222.63204987557415,200.27223422416313,240.0938320406577,39.821597816494574,15.632049875574154,False,✅ IN RANGE
2026-01-20,IND vs PHI,217,217.70845057188697,209.58891793671094,236.1151794468591,26.526261510148146,0.7084505718869707,False,✅ IN RANGE
2026-01-21,PHI vs PHX,226,225.5121139133403,208.2606541066506,246.85437576124758,38.593721654596976,0.48788608665969946,False,✅ IN RANGE
2026-01-21,DEN vs LAL,222,227.28847726889018,201.53756338055902,248.75658908035442,47.219025699795395,5.288477268890176,True,⚠️ SKIP
2026-01-21,UTA vs MIN,249,238.22153961614782,216.0756331600724,259.32739311774606,43.25175995767364,10.778460383852178,True,⚠️ SKIP
2026-01-21,HOU vs SAS,217,220.56156151722638,205.51575149196358,250.89941320737515,45.38366171541156,3.56156151722638,True,⚠️ SKIP
2026-01-21,CHI vs LAC,248,227.13059332186097,206.92468466704491,251.73793051415169,44.81324584710677,20.86940667813903,True,⚠️ SKIP
2026-01-21,GSW vs TOR,272,233.8836480693681,209.5358319108666,260.0743078841884,50.538475973321795,38.11635193063191,True,⚠️ SKIP
2026-01-21,SAC vs MIA,247,237.18425402055902,208.53022497751394,252.97009934624705,44.439874368733115,9.815745979440976,True,⚠️ SKIP
2026-01-22,MEM vs ATL,246,227.6828999791466,211.44482852699278,252.79690156564573,41.35207303865295,18.31710002085339,True,⚠️ SKIP
2026-01-22,NYK vs BKN,186,224.085464626748,199.33173538055166,247.47794017013584,48.146204789584175,38.085464626748006,True,⚠️ SKIP
2026-01-22,BOS vs IND,223,221.8015266718879,200.0678396357329,237.70535065867875,37.63751102294586,1.198473328112101,False,✅ IN RANGE
2026-01-22,MIL vs OKC,224,227.39479051513683,205.8695561475451,244.74883538307483,38.87927923552974,3.394790515136833,False,✅ IN RANGE
2026-01-22,NOP vs DET,216,225.86695745692617,202.98912280667372,242.15436479340894,39.165241986735225,9.866957456926173,False,✅ IN RANGE
2026-01-22,CHA vs CLE,181,228.22711549951597,197.6009358664372,253.88866288507907,56.287727018641874,47.227115499515975,True,⚠️ SKIP
2026-01-22,SAC vs TOR,231,223.7652522627635,206.91508706481812,248.6688878135792,41.75380074876108,7.234747737236489,True,⚠️ SKIP
2026-01-23,PHI vs HOU,250,222.64970019062667,203.58195189792775,250.0345133579065,46.45256145997874,27.350299809373325,True,⚠️ SKIP
2026-01-23,UTA vs SAS,235,234.84328855962553,215.27980288231544,256.16011363205234,40.88031074973691,0.15671144037446538,True,⚠️ SKIP
2026-01-23,ORL vs CHA,221,230.92389211792596,202.2687710416166,246.17633382454073,43.907562782924145,9.92389211792596,True,⚠️ SKIP
2026-01-23,MIN vs CHI,235,237.18676690521386,208.85529103616048,254.75612969565128,45.9008386594908,2.186766905213858,True,⚠️ SKIP
2026-01-23,DAL vs GSW,238,235.9475443170811,212.01560317103545,259.64926979269114,47.63366662165569,2.0524556829188896,True,⚠️ SKIP
2026-01-23,WAS vs DEN,204,223.20118359338883,203.39291053427058,249.65993343173994,46.26702289746936,19.201183593388834,True,⚠️ SKIP
2026-01-23,POR vs MIA,237,236.50014528806426,214.27169054085775,258.39239685910235,44.1207063182446,0.4998547119357397,True,⚠️ SKIP
2026-01-23,LAC vs LAL,216,227.85727726685468,205.64483009097435,253.08605840763346,47.44122831665911,11.85727726685468,True,⚠️ SKIP
2026-01-24,BKN vs BOS,256,236.54772384308313,204.5599069702959,253.1418580618024,48.58195109150648,19.452276156916867,True,⚠️ SKIP
2026-01-24,ATL vs PHX,213,226.72860233608762,210.44029354378824,250.90482825861108,40.46453471482283,13.728602336087619,True,⚠️ SKIP
2026-01-24,DET vs HOU,215,215.03621673144167,201.2857976063166,243.17136532073332,41.88556771441671,0.03621673144166948,True,⚠️ SKIP
2026-01-24,CHA vs WAS,234,222.28225851059284,201.6905205939878,240.66220656556186,38.97168597157406,11.71774148940716,False,✅ IN RANGE
2026-01-24,MEM vs NOP,260,234.9276269641241,210.57559650325427,258.39757291843773,47.82197641518346,25.0723730358759,True,⚠️ SKIP
2026-01-24,OKC vs IND,231,227.58034407149276,203.27854331727303,242.6166375993308,39.33809428205777,3.4196559285072397,False,✅ IN RANGE
2026-01-24,MIL vs DEN,202,221.5742794218185,200.60205645915966,244.28247665048872,43.68042019132906,19.57427942181849,True,⚠️ SKIP
2026-01-24,CLE vs SAC,241,226.00134293055848,205.46655441212005,249.37717608355626,43.91062167143622,14.99865706944152,True,⚠️ SKIP
2026-01-24,POR vs TOR,208,221.47080166477812,207.43614606642635,250.7812150977393,43.34506903131296,13.470801664778122,True,⚠️ SKIP
2026-01-24,PHI vs NYK,221,222.53058781877502,201.69182601414255,240.4641980613065,38.77237204716394,1.5305878187750181,False,✅ IN RANGE
2026-01-25,MIN vs GSW,196,229.5437602027961,208.25171237914006,257.9670289158298,49.715316536689755,33.54376020279611,True,⚠️ SKIP
2026-01-25,ORL vs CLE,224,227.24197143760944,206.5807579329233,249.8966850290356,43.31592709611232,3.241971437609436,True,⚠️ SKIP
2026-01-25,CHI vs BOS,225,227.3563401149241,205.96315947542465,250.54398272001885,44.5808232445942,2.3563401149241088,True,⚠️ SKIP
2026-01-25,DET vs SAC,255,223.35873940330328,204.8976204376559,246.35460089592394,41.45698045826805,31.641260596696725,True,⚠️ SKIP
2026-01-25,UTA vs MIA,263,241.77008664714828,215.9953170474449,263.3815606322536,47.38624358480868,21.229913352851725,True,⚠️ SKIP
2026-01-25,DAL vs LAL,226,227.89329553282835,209.5580477845979,250.04537541438927,40.487327629791366,1.893295532828347,True,⚠️ SKIP
2026-01-26,ATL vs IND,248,234.8728677225051,210.60122187696493,248.01572522301691,37.41450334605199,13.127132277494894,False,✅ IN RANGE
2026-01-26,PHX vs MIA,213,230.40067502840478,209.76421269120047,257.2341273945718,47.4699147033713,17.400675028404777,True,⚠️ SKIP
2026-01-26,SAS vs NOP,199,229.05024724786549,204.3662337693799,254.55371955892562,50.18748578954572,30.050247247865485,True,⚠️ SKIP
2026-01-26,OKC vs TOR,204,225.91695519938872,205.40002553169867,248.53186116353936,43.13183563184069,21.916955199388724,True,⚠️ SKIP
2026-01-26,LAC vs BKN,215,226.2205375947744,205.79138891824374,249.78198187685533,43.990592958611586,11.220537594774413,True,⚠️ SKIP
2026-01-26,CHA vs PHI,223,227.74681184344706,203.6084199011369,246.23355493631055,42.625135035173656,4.7468118434470625,True,⚠️ SKIP
2026-01-27,BOS vs POR,196,230.0459626410666,207.49922356448695,252.09139384623748,44.592170281750526,34.04596264106661,True,⚠️ SKIP
2026-01-27,MIN vs GSW,191,228.63521763991446,200.83580371763077,251.38726518247327,50.551461464842504,37.63521763991446,True,⚠️ SKIP
2026-01-27,CHI vs LAL,247,226.9793558686538,204.92822611673031,251.44644667249824,46.518220555767925,20.020644131346188,True,⚠️ SKIP
2026-01-27,HOU vs MEM,207,228.28870037195472,206.8678370614094,251.30501360326693,44.437176541857525,21.288700371954718,True,⚠️ SKIP
2026-01-27,CLE vs ORL,212,218.73618856215109,202.78532811345266,247.10972536179628,44.324397248343615,6.736188562151085,True,⚠️ SKIP
2026-01-28,PHI vs MIL,261,221.06353083513648,205.7152059224654,250.7745777392938,45.05937181682839,39.936469164863524,True,⚠️ SKIP
2026-01-28,WAS vs POR,226,227.04595664644833,201.7838522910385,246.76335404752868,44.97950175649018,1.0459566464483316,True,⚠️ SKIP
2026-01-28,NYK vs SAC,190,223.46906032354386,200.66611725805737,244.51835762606845,43.85224036801108,33.46906032354386,True,⚠️ SKIP
2026-01-28,OKC vs NOP,199,227.81234071250128,203.8206601387745,249.73145930125773,45.910799162483215,28.812340712501282,True,⚠️ SKIP
2026-01-28,PHX vs BKN,208,220.79162818394738,204.16980125645242,243.69062979279704,39.520828536344624,12.791628183947381,False,✅ IN RANGE
2026-01-28,DEN vs DET,216,215.98740998259285,198.89686956933232,241.34994865101746,42.45307908168513,0.012590017407148935,True,⚠️ SKIP
2026-01-28,UTA vs LAC,218,230.1065291140512,213.24560305288676,252.3424862027304,39.09688314984365,12.106529114051199,False,✅ IN RANGE
2026-01-29,TOR vs NYK,211,218.98144355666577,201.72824712785265,239.41476142424247,37.68651429638982,7.981443556665766,False,✅ IN RANGE
2026-01-29,IND vs CHI,223,231.0767150997217,205.04296340814227,253.35099446872422,48.30803106058195,8.076715099721696,True,⚠️ SKIP
2026-01-29,CLE vs LAL,228,225.8931731404649,205.52905473334184,248.69842267559983,43.16936794225799,2.10682685953509,True,⚠️ SKIP
2026-01-29,DAL vs MIN,223,223.12767849268445,203.8962108346126,249.61153024665197,45.71531941203938,0.12767849268445275,True,⚠️ SKIP
2026-01-29,UTA vs GSW,264,240.07381049428747,210.63194610563693,264.36006312130473,53.728117015667806,23.92618950571253,True,⚠️ SKIP
2026-01-29,HOU vs SAS,210,219.79165908586685,203.19272960432042,246.7566207581885,43.56389115386807,9.791659085866854,True,⚠️ SKIP
2026-01-29,BOS vs ATL,223,232.1038988904504,208.63829988024747,251.93216907124346,43.29386919099599,9.10389889045041,True,⚠️ SKIP
2026-01-29,MIA vs ORL,257,235.8943613254759,209.59461585384844,257.9281641056961,48.333548251847674,21.1056386745241,True,⚠️ SKIP
2026-01-29,MEM vs CHA,209,211.6920277443492,206.14917864351503,246.8325386172094,40.683359973694365,2.69202774434919,True,⚠️ SKIP
2026-01-30,PHI vs SAC,224,227.96244962612764,209.11894988423182,253.86055704846956,44.741607164237735,3.9624496261276363,True,⚠️ SKIP
2026-01-30,ATL vs HOU,190,219.93318971651814,198.67495050190487,243.75180613195238,45.076855630047504,29.933189716518143,True,⚠️ SKIP
2026-01-30,WAS vs MIL,208,224.78099522347253,206.82756815840514,252.87151919521818,46.04395103681304,16.78099522347253,True,⚠️ SKIP
2026-01-30,CHI vs MIA,229,228.07830482829868,213.91397039513174,256.4903080054147,42.57633761028296,0.921695171701316,True,⚠️ SKIP
2026-01-30,DEN vs BKN,210,215.3853023259099,201.5698753499006,243.71504794337466,42.14517259347406,5.38530232590989,True,⚠️ SKIP
2026-01-30,PHX vs DET,210,221.50417860798515,205.47403632613114,240.40259408031932,34.928557754188176,11.504178607985153,False,✅ IN RANGE
2026-01-30,MIN vs OKC,234,224.33403317150535,200.47588151494062,240.98804912096702,40.512167606026395,9.665966828494646,True,⚠️ SKIP
2026-01-30,DAL vs CHA,244,231.85972132951474,202.95691479255544,245.72476563742563,42.767850844870196,12.140278670485259,True,⚠️ SKIP
2026-01-31,WAS vs LAL,253,228.87648537435118,206.27120984679598,253.0300308807446,46.75882103394861,24.123514625648824,True,⚠️ SKIP
2026-01-31,ORL vs TOR,250,234.36281331632367,204.33871483992166,251.2558910032169,46.91717616329524,15.637186683676333,True,⚠️ SKIP
2026-01-31,BOS vs SAC,205,228.65942983129838,205.12600477442143,249.54674523898896,44.42074046456753,23.659429831298382,True,⚠️ SKIP
2026-01-31,GSW vs DET,255,236.9177743338463,209.10809393549084,255.10608110692402,45.99798717143318,18.082225666153704,True,⚠️ SKIP
2026-01-31,NOP vs MEM,220,226.04490076103522,204.10249961066475,254.07174262426065,49.9692430135959,6.044900761035223,True,⚠️ SKIP
2026-01-31,NYK vs POR,224,223.4650255435616,198.52517326909424,241.86013468185988,43.33496141276564,0.5349744564383911,True,⚠️ SKIP
2026-01-31,PHX vs CLE,239,227.62750423184076,204.0811409263507,244.94470733605877,40.863566409708056,11.37249576815924,True,⚠️ SKIP
2026-01-31,DEN vs LAC,231,224.74896273993596,201.11488323171676,243.45174564665098,42.33686241493422,6.251037260064038,True,⚠️ SKIP
2026-01-31,CHA vs SAS,217,221.68412557132984,203.99795347322666,247.93261529060854,43.93466181738188,4.684125571329844,True,⚠️ SKIP
2026-01-31,UTA vs BKN,208,231.35612486256997,207.82310553344786,256.95335714029886,49.130251606851004,23.35612486256997,True,⚠️ SKIP
2026-02-01,BOS vs MIL,186,222.45823277010487,198.67053982877047,244.31644013128363,45.645900302513155,36.45823277010487,True,⚠️ SKIP
2026-02-01,DET vs BKN,207,221.9638327607481,202.34421977820654,247.63098306177494,45.286763283568405,14.96383276074809,True,⚠️ SKIP
2026-02-01,MIA vs CHI,225,233.6900978434576,209.4289274287277,256.36650366494257,46.93757623621488,8.690097843457607,True,⚠️ SKIP
2026-02-01,MEM vs MIN,245,220.302081805696,200.48310086444135,250.59252403997232,50.109423175530964,24.69791819430401,True,⚠️ SKIP
2026-02-01,WAS vs SAC,228,224.10988569766573,207.15555697282807,244.61995778183007,37.464400809002,3.8901143023342684,False,✅ IN RANGE
2026-02-01,HOU vs DAL,218,224.81952319185433,206.03347234248486,244.67011993360438,38.63664759111953,6.81952319185433,False,✅ IN RANGE
2026-02-01,IND vs ATL,253,232.4323877543657,204.12512540526183,253.0658866822508,48.94076127698898,20.567612245634308,True,⚠️ SKIP
2026-02-01,PHI vs NOP,238,228.90639268077985,206.4525746988981,249.7206354746526,43.26806077575449,9.093607319220155,True,⚠️ SKIP
2026-02-01,TOR vs UTA,207,226.33047997243133,208.59217312528895,253.3078721015999,44.71569897631096,19.330479972431334,True,⚠️ SKIP
2026-02-02,CHA vs NOP,197,220.44475649167734,202.40580463875335,246.45545354824637,44.049648909493015,23.44475649167734,True,⚠️ SKIP
2026-02-02,DEN vs OKC,232,211.97966328294606,199.1843940314451,240.84246353593537,41.65806950449027,20.020336717053937,True,⚠️ SKIP
2026-02-02,POR vs CLE,241,231.5261592760714,205.1851286542071,251.1581748947133,45.97304624050622,9.47384072392859,True,⚠️ SKIP
2026-02-02,SAS vs ORL,215,221.59139521355968,204.9744099053415,249.43285984159044,44.45844993624894,6.591395213559679,True,⚠️ SKIP
2026-02-02,PHX vs LAC,210,228.7437444030884,203.58303992951474,247.58202798187577,43.99898805236103,18.743744403088414,True,⚠️ SKIP
2026-02-02,NYK vs LAL,212,216.2631458396349,201.20387559612237,243.46149678111726,42.25762118499489,4.263145839634888,True,⚠️ SKIP
2026-02-03,LAC vs PHI,241,239.4623228821846,209.32351953827143,253.411804663128,44.08828512485658,1.5376771178154058,True,⚠️ SKIP
2026-02-03,MEM vs MIN,265,215.67019243383905,200.59127092132726,249.74765679972913,49.15638587840186,49.32980756616095,True,⚠️ SKIP
2026-02-03,IND vs HOU,232,228.5938611190039,204.8939088269545,246.62876254383627,41.73485371688179,3.40613888099611,True,⚠️ SKIP
2026-02-04,BKN vs LAL,234,228.44031824599307,199.25093605982158,242.51994825799645,43.26901219817486,5.559681754006931,True,⚠️ SKIP
2026-02-04,WAS vs NYK,233,228.36907641031556,204.65610200910797,242.09029508966304,37.434193080555076,4.630923589684443,False,✅ IN RANGE
2026-02-04,IND vs UTA,253,245.79418596723553,216.6671140288728,256.5580903885214,39.89097635964862,7.205814032764465,False,✅ IN RANGE
2026-02-04,DET vs DEN,245,224.30073349364218,203.3001643089844,247.0667254357291,43.766561126744705,20.699266506357816,True,⚠️ SKIP
2026-02-04,OKC vs ORL,220,227.0047749129574,207.5242506691968,250.4055819239556,42.881331254758805,7.0047749129574015,True,⚠️ SKIP
2026-02-04,MIA vs ATL,242,229.7875390749202,207.53189252964614,251.93065838321942,44.39876585357328,12.212460925079796,True,⚠️ SKIP
2026-02-04,DAL vs BOS,210,222.5125069538619,201.87623639051594,246.25230209988246,44.376065709366515,12.512506953861902,True,⚠️ SKIP
2026-02-04,POR vs PHX,255,224.74918914030278,199.09593856044546,249.59339652889986,50.4974579684544,30.250810859697225,True,⚠️ SKIP
2026-02-04,GSW vs PHI,207,228.67991632879355,206.9658905416616,253.46408473736287,46.498194195701274,21.679916328793553,True,⚠️ SKIP
2026-02-04,MIL vs CHI,246,227.37080558665997,203.20788967536456,250.26896659556894,47.061076920204385,18.62919441334003,True,⚠️ SKIP
2026-02-05,NYK vs DEN,261,226.9110206674009,205.70127266430754,256.2373480256664,50.536075361358854,34.08897933259911,True,⚠️ SKIP
2026-02-05,TOR vs MIN,254,227.75900226769096,202.3722333230765,253.97561382933148,51.60338050625498,26.24099773230904,True,⚠️ SKIP
2026-02-05,HOU vs BOS,207,210.5380332606894,199.86089335525926,240.4260592893338,40.56516593407454,3.5380332606893887,True,⚠️ SKIP
2026-02-05,MIL vs NOP,278,228.68347630061493,200.5710860766089,250.45978969293876,49.88870361632985,49.31652369938507,True,⚠️ SKIP
2026-02-05,SAS vs OKC,222,221.8248104944677,201.06341509989676,243.1568023806885,42.093387280791745,0.17518950553230184,True,⚠️ SKIP
2026-02-05,SAC vs MEM,254,230.56400247258367,209.65174962466943,253.0487897565158,43.39704013184635,23.435997527416333,True,⚠️ SKIP
2026-02-05,LAC vs CLE,215,221.28171216677202,207.29014035362968,249.5881123547916,42.297972001161924,6.281712166772024,True,⚠️ SKIP
2026-02-06,TOR vs CHI,230,230.36193544141238,208.03904409794478,250.29522275812968,42.2561786601849,0.36193544141238476,True,⚠️ SKIP
2026-02-06,LAL vs PHI,234,233.85509736631062,210.8800375740006,256.30736094524394,45.42732337124335,0.14490263368938372,True,⚠️ SKIP
2026-02-06,DET vs WAS,243,221.91927268571888,206.90017064648032,245.35811697053657,38.45794632405625,21.08072731428112,False,✅ IN RANGE
2026-02-06,ORL vs BKN,216,219.20942021075862,205.21389298046296,248.47137970424473,43.25748672378177,3.2094202107586227,True,⚠️ SKIP
2026-02-06,ATL vs UTA,240,233.54676927572427,211.1178028336167,256.14787229130604,45.030069457689336,6.453230724275727,True,⚠️ SKIP
2026-02-06,HOU vs CHA,208,212.94774547719936,198.11668963489475,241.2445985132761,43.127908878381334,4.947745477199362,True,⚠️ SKIP
2026-02-06,DAL vs SAS,258,225.76165817872447,200.94360258011895,246.97134100799119,46.02773842787224,32.238341821275526,True,⚠️ SKIP
2026-02-06,PHX vs GSW,198,230.70117148922532,202.26915509612698,252.0450444643628,49.77588936823582,32.70117148922532,True,⚠️ SKIP
2026-02-07,BKN vs WAS,240,223.02946386301025,202.54151187607042,243.7526846541729,41.21117277810248,16.97053613698975,True,⚠️ SKIP
2026-02-07,SAC vs LAC,225,219.94357073686902,202.16453401024242,243.87989745125464,41.715363441012215,5.05642926313098,True,⚠️ SKIP
2026-02-07,POR vs MEM,250,236.3598169815048,210.155255152278,256.44929810966084,46.29404295738286,13.640183018495208,True,⚠️ SKIP
2026-02-07,MIL vs IND,204,232.00045518905893,204.7647679624571,250.08006546913572,45.315297506678604,28.000455189058925,True,⚠️ SKIP
2026-02-07,OKC vs HOU,218,217.43448155950827,199.38933849727417,237.7533768506786,38.364038353404425,0.5655184404917293,False,✅ IN RANGE
2026-02-07,MIN vs NOP,234,234.00976272856647,209.366975523365,255.54306679690686,46.17609127354186,0.009762728566471424,True,⚠️ SKIP
2026-02-07,SAS vs DAL,263,232.32243145578053,207.54517090275266,257.59553350867577,50.05036260592311,30.67756854421947,True,⚠️ SKIP
2026-02-07,DET vs NYK,198,209.91358335060312,200.2240300748157,246.0377902102226,45.81376013540691,11.913583350603119,True,⚠️ SKIP
2026-02-07,BOS vs MIA,194,222.6733427588291,198.51752386463215,246.22342054340425,47.70589667877209,28.673342758829108,True,⚠️ SKIP
2026-02-08,SAC vs CLE,258,224.17967988366416,205.62794445596697,251.57219926250662,45.94425480653965,33.820320116335836,True,⚠️ SKIP
2026-02-08,ORL vs UTA,237,228.27705481757414,210.39421187339553,250.82995841265216,40.43574653925663,8.72294518242586,True,⚠️ SKIP
2026-02-08,ATL vs CHA,245,227.43467339938823,203.40877714317054,249.42035794816576,46.01158080499522,17.56532660061177,True,⚠️ SKIP
2026-02-08,CHI vs DEN,256,227.7800049608527,206.37057491958888,255.9073843882688,49.536809468679934,28.219995039147307,True,⚠️ SKIP
2026-02-08,LAL vs GSW,204,223.00068075082677,203.103766317406,249.44010443855598,46.336338121149964,19.000680750826774,True,⚠️ SKIP
2026-02-08,PHX vs PHI,212,224.51758948952175,205.44914650145313,249.39183789785105,43.94269139639792,12.517589489521754,True,⚠️ SKIP
2026-02-08,WAS vs MIA,233,234.4440156987463,211.23196017964892,253.81951973485857,42.58755955520965,1.4440156987463126,True,⚠️ SKIP
2026-02-08,BOS vs NYK,200,223.22857370428417,200.6158796654605,242.25309733794606,41.63721767248555,23.228573704284173,True,⚠️ SKIP
2026-02-08,TOR vs IND,226,238.8670942683275,210.48584698177515,256.8676193254963,46.38177234372117,12.867094268327492,True,⚠️ SKIP
2026-02-08,MIN vs LAC,211,228.32827774039882,211.04725954861357,251.44568272477454,40.398423176160975,17.328277740398818,True,⚠️ SKIP
2026-02-08,POR vs MEM,237,257.0900502636936,218.19193461959176,261.62568115129716,43.433746531705395,20.090050263693627,True,⚠️ SKIP
2026-02-10,MIA vs UTA,226,225.6178274177549,208.35309902235244,251.99110955060945,43.63801052825701,0.3821725822450901,True,⚠️ SKIP
2026-02-10,ORL vs MIL,217,227.51940098628208,202.90284114361705,249.83105543276267,46.928214289145615,10.51940098628208,True,⚠️ SKIP
2026-02-10,MIN vs ATL,254,235.60940086675953,209.9072053546245,257.87003676132736,47.96283140670286,18.39059913324047,True,⚠️ SKIP
2026-02-10,NOP vs SAC,214,235.68890570031826,212.66577867580517,260.03344718390093,47.36766850809576,21.68890570031826,True,⚠️ SKIP
2026-02-10,GSW vs MEM,227,227.64868813657722,205.7911716023314,255.41163417389694,49.620462571565554,0.6486881365772206,True,⚠️ SKIP
2026-02-10,LAL vs OKC,229,229.5726844439818,204.49754643459312,254.68718558193495,50.189639147341836,0.5726844439818137,True,⚠️ SKIP
2026-02-10,POR vs PHI,253,239.77795664665777,209.89856641393465,255.49288613084607,45.59431971691143,13.22204335334223,True,⚠️ SKIP
2026-02-10,CHA vs DET,214,224.09461127469083,204.2968034373085,250.2175192454568,45.92071580814829,10.094611274690834,True,⚠️ SKIP
2026-02-10,DEN vs CLE,236,232.30764172461872,214.22845778320027,255.86927492856563,41.64081714536536,3.692358275381281,True,⚠️ SKIP
2026-02-10,BKN vs CHI,238,238.15953804830914,208.04816236963788,253.52821303416584,45.480050664527965,0.15953804830914464,True,⚠️ SKIP
